{
  "lastTarget": {
    "x": 48.18511687563626,
    "y": -2.758640972255235,
    "time": 1775888420076
  },
  "lastRobot": {
    "x": 48.18431584561511,
    "y": -2.756892670330774,
    "heading": 4406.56077495295,
    "speed": 0,
    "time": 1775892792119
  },
  "busy": true,
  "robotPosCount": 18221,
  "lastRobotPosAt": 1775892792119,
  "lastRobotPosIp": "::ffff:127.0.0.1"
}