{
  "lastTarget": {
    "x": 48.1761357,
    "y": -2.7492986,
    "time": 1775796795115
  },
  "lastRobot": {
    "x": 48.18518312170837,
    "y": -2.7584969784882283,
    "heading": -907.1963288863259,
    "speed": 0.16717622134825988,
    "time": 1775798552460
  },
  "busy": true,
  "robotPosCount": 14340,
  "lastRobotPosAt": 1775798552460,
  "lastRobotPosIp": "::1"
}