{
  "lastTarget": {
    "x": 48.1761357,
    "y": -2.7492986,
    "time": 1775796795115
  },
  "lastRobot": {
    "x": 48.18431584561511,
    "y": -2.756892670330774,
    "heading": -635.4798838722652,
    "speed": 0.650422867944387,
    "time": 1775796809150
  },
  "busy": true,
  "robotPosCount": 14301,
  "lastRobotPosAt": 1775796809150,
  "lastRobotPosIp": "::1"
}